-- MySQL dump 10.13  Distrib 5.7.19, for Linux (x86_64)
--
-- Host: localhost    Database: essp
-- ------------------------------------------------------
-- Server version	5.7.19-0ubuntu0.16.04.1

/*!40101 SET @OLD_CHARACTER_SET_CLIENT=@@CHARACTER_SET_CLIENT */;
/*!40101 SET @OLD_CHARACTER_SET_RESULTS=@@CHARACTER_SET_RESULTS */;
/*!40101 SET @OLD_COLLATION_CONNECTION=@@COLLATION_CONNECTION */;
/*!40101 SET NAMES utf8 */;
/*!40103 SET @OLD_TIME_ZONE=@@TIME_ZONE */;
/*!40103 SET TIME_ZONE='+00:00' */;
/*!40014 SET @OLD_UNIQUE_CHECKS=@@UNIQUE_CHECKS, UNIQUE_CHECKS=0 */;
/*!40014 SET @OLD_FOREIGN_KEY_CHECKS=@@FOREIGN_KEY_CHECKS, FOREIGN_KEY_CHECKS=0 */;
/*!40101 SET @OLD_SQL_MODE=@@SQL_MODE, SQL_MODE='NO_AUTO_VALUE_ON_ZERO' */;
/*!40111 SET @OLD_SQL_NOTES=@@SQL_NOTES, SQL_NOTES=0 */;

--
-- Table structure for table `photos`
--

DROP TABLE IF EXISTS `photos`;
/*!40101 SET @saved_cs_client     = @@character_set_client */;
/*!40101 SET character_set_client = utf8 */;
CREATE TABLE `photos` (
  `PhotoId` int(10) unsigned NOT NULL AUTO_INCREMENT,
  `UserID` int(10) unsigned NOT NULL,
  `Location` varchar(500) NOT NULL,
  `Updated_by` varchar(50) NOT NULL,
  `Updated_on` timestamp NOT NULL DEFAULT CURRENT_TIMESTAMP ON UPDATE CURRENT_TIMESTAMP,
  PRIMARY KEY (`PhotoId`),
  KEY `UserID` (`UserID`),
  CONSTRAINT `photos_ibfk_1` FOREIGN KEY (`UserID`) REFERENCES `users` (`UserId`)
) ENGINE=InnoDB AUTO_INCREMENT=34 DEFAULT CHARSET=latin1;
/*!40101 SET character_set_client = @saved_cs_client */;

--
-- Dumping data for table `photos`
--

LOCK TABLES `photos` WRITE;
/*!40000 ALTER TABLE `photos` DISABLE KEYS */;
INSERT INTO `photos` VALUES (13,80,'uploads/Screenshot from 2017-06-19 00-25-54.png','80','2017-06-20 06:51:36'),(14,84,'uploads/papa.jpeg','84','2017-06-20 07:20:45'),(15,84,'uploads/pp.jpeg','84','2017-06-20 07:44:46'),(16,84,'uploads/16388553_244248332683381_75511651_o.jpg','84','2017-06-20 07:46:33'),(17,86,'uploads/Screenshot from 2017-06-21 02-39-16.png','86','2017-06-21 07:03:17'),(18,86,'uploads/Screenshot from 2017-06-14 16-25-57.png','86','2017-06-21 07:09:36'),(19,87,'uploads/Screenshot from 2017-03-24 22-51-02.png','87','2017-06-21 08:29:16'),(20,88,'uploads/16441304_245029609271920_968063566_n.jpg','88','2017-06-21 08:37:00'),(21,88,'uploads/Screenshot from 2017-06-13 18-23-18.png','88','2017-06-21 08:38:00'),(22,91,'uploads/Screenshot from 2017-03-24 22-50-27.png','91','2017-06-21 12:37:16'),(23,91,'uploads/Screenshot from 2017-03-22 10-53-51.png','91','2017-06-21 12:38:34'),(24,98,'uploads/Screenshot from 2017-02-02 22-42-59.png','98','2017-06-21 13:18:24'),(25,102,'uploads/Screenshot from 2017-07-11 12-32-39.png','102','2017-07-12 12:09:01'),(26,108,'uploads/Screenshot from 2017-06-28 17-38-36.png','108','2017-07-12 12:22:44'),(27,102,'uploads/16441304_245029609271920_968063566_n.jpg','102','2017-07-12 13:20:57'),(28,102,'uploads/Sylvia_Mittal_7807105329_JSS.jpg','102','2017-07-12 13:21:40'),(29,102,'uploads/papa.jpeg','102','2017-07-12 13:44:23'),(30,102,'uploads/WhatsApp Image 2017-06-23 at 12.12.04 PM.jpeg','102','2017-07-12 13:44:55'),(31,109,'uploads/Screenshot from 2017-06-28 21-32-07.png','109','2017-07-19 09:17:27'),(32,109,'uploads/7b.jpg','109','2017-07-19 09:18:41'),(33,109,'uploads/thunderbird.jpeg','109','2017-07-19 09:18:55');
/*!40000 ALTER TABLE `photos` ENABLE KEYS */;
UNLOCK TABLES;

--
-- Table structure for table `profiles`
--

DROP TABLE IF EXISTS `profiles`;
/*!40101 SET @saved_cs_client     = @@character_set_client */;
/*!40101 SET character_set_client = utf8 */;
CREATE TABLE `profiles` (
  `ProfileId` int(10) unsigned NOT NULL AUTO_INCREMENT,
  `UserId` int(10) unsigned NOT NULL,
  `Name` varchar(50) NOT NULL,
  `FatherName` varchar(50) DEFAULT NULL,
  `Gender` varchar(1) NOT NULL,
  `MaritalStatus` varchar(10) DEFAULT NULL,
  `HusbandName` varchar(50) DEFAULT NULL,
  `PhoneNum` varchar(15) NOT NULL,
  `DOB` date DEFAULT NULL,
  `EducationStatus` varchar(100) DEFAULT NULL,
  `Address` varchar(500) DEFAULT NULL,
  `State` varchar(20) NOT NULL,
  `District` varchar(20) NOT NULL,
  `Village` varchar(20) NOT NULL,
  `Profession` varchar(20) DEFAULT NULL,
  `OtherSkills` varchar(20) DEFAULT NULL,
  `Description` varchar(1000) DEFAULT NULL,
  `Updated_by` varchar(50) NOT NULL,
  `Updated_on` timestamp NOT NULL DEFAULT CURRENT_TIMESTAMP ON UPDATE CURRENT_TIMESTAMP,
  PRIMARY KEY (`ProfileId`),
  UNIQUE KEY `PhoneNum` (`PhoneNum`),
  KEY `UserId` (`UserId`),
  CONSTRAINT `profiles_ibfk_1` FOREIGN KEY (`UserId`) REFERENCES `users` (`UserId`),
  CONSTRAINT `profiles_ibfk_2` FOREIGN KEY (`UserId`) REFERENCES `users` (`UserId`),
  CONSTRAINT `profiles_ibfk_3` FOREIGN KEY (`UserId`) REFERENCES `users` (`UserId`)
) ENGINE=InnoDB AUTO_INCREMENT=133 DEFAULT CHARSET=latin1;
/*!40101 SET character_set_client = @saved_cs_client */;

--
-- Dumping data for table `profiles`
--

LOCK TABLES `profiles` WRITE;
/*!40000 ALTER TABLE `profiles` DISABLE KEYS */;
INSERT INTO `profiles` VALUES (1,1,'Syl',NULL,'f',NULL,NULL,'1235456',NULL,NULL,NULL,'haryana','kullu','katindi',NULL,NULL,NULL,'1235456','2017-06-16 09:52:21'),(2,1,'sylvia','Rajiv','f','married','chvkhvadiVcuVovdcov d','123546848968','1985-06-16','twelveth','gdxviyTCXIYTFIY','haryana','kullu','neri','ASGVCYCICVIYAVCY','hsvcaycviyqcytv','jhachuacvuaycyafajs','123546848968','2017-06-16 09:54:53'),(3,1,'vdrwg','WEg','f','married','','45','1970-01-01','-Education-','','-Choose State-','-Choose City-','-Choose Village-','','','','45','2017-06-18 10:52:38'),(4,1,'farbvoulvloui','vuhvuolv','f','','','51465','1970-01-01','-Education-','','-Choose State-','-Choose City-','-Choose Village-','','','','51465','2017-06-18 10:54:24'),(5,1,'adeadc','','f','','','54865','1970-01-01','-Education-','','-Choose State-','-Choose City-','-Choose Village-','','','','54865','2017-06-18 10:55:20'),(6,1,'ajucgbfaikd','kadjbvkjc','f','married','','5746','1970-01-01','twelveth','','-Choose State-','-Choose City-','-Choose Village-','','','','5746','2017-06-18 11:35:39'),(7,1,'421','','f','','','75','1970-01-01','-Education-','','-Choose State-','-Choose City-','-Choose Village-','','','','75','2017-06-18 11:36:16'),(8,1,'Sylvia Mittal','Rajiv','f','married','dbmjkdbvkdvbkcbkjvbkvb','4468-515-6515','1993-06-18','twelveth','mfvnjklsv;fbjzvb','haryana','kullu','neri','ASGVCYCICVIYAVCY','advadv','vcadscvakd','4468-515-6515','2017-06-18 11:51:02'),(9,1,'','','','','','','1970-01-01','','','','','','','','','','2017-06-18 12:07:19'),(10,1,'kirti','hbdhsvb','f','married','hjbviklajbd','65365446','1994-06-18','graduate','sjdnvjksbkjsvbv','jk','kullu','neri','sjdvbalivalikb','ahdbvlalivhlbj','sghht','65365446','2017-06-18 12:19:15'),(11,1,'Sylvia Mittal','shsdchvkdhs','f','married','jdsbjh','8654-685-8456','1993-06-18','post','gdxviyTCXIYTFIY','jk','kullu','neri','dfaiayfvuc','cdhgvjj',' busvi yds','8654-685-8456','2017-06-18 14:03:08'),(12,1,'afe cbjkaka','','f','','','4984969898464','1970-01-01','-Education-','','-Choose State-','-Choose City-','-Choose Village-','','','','4984969898464','2017-06-19 06:42:18'),(13,1,'syl','jbcdakj','f','married','jakck','65564531868','1970-01-01','-Education-','','-Choose State-','-Choose City-','-Choose Village-','','','','65564531868','2017-06-19 06:44:12'),(14,1,'syl','c d','f','','','548655353','1970-01-01','-Education-','','-Choose State-','-Choose City-','-Choose Village-','','','','548655353','2017-06-19 07:11:53'),(16,1,'kashish','Rajiv','m','married','blah blah','9467990209','1985-06-19','graduate','canada','haryana','mandi','kamand','student','student','','9467990209','2017-06-19 09:00:53'),(17,1,'k','k','f','married','k','123','1985-06-19','graduate','k','-Choose State-','mandi','-Choose Village-','','','','123','2017-06-19 10:26:55'),(18,1,'d','d','f','married','r','12345564168','1970-01-01','-Education-','','-Choose State-','-Choose City-','-Choose Village-','','','','12345564168','2017-06-19 11:31:05'),(19,1,'e','e','f','others','e','e','2017-06-19','tenth','dsvj vuefuewf wygfus','hp','mandi','riyagadi','','','','e','2017-06-19 15:25:09'),(20,65,'f','f','f','others','f','f','1970-01-01','-Education-','','hp','mandi','riyagadi','','','','f','2017-06-19 15:27:17'),(21,66,'syls','Rajiv','f','married','abhi','123456979865','1974-06-19','twelveth','kkr','haryana','manali','kamand','student','palyer','hey ppl','123456979865','2017-06-19 18:42:45'),(22,67,'an ','','f','others','','57','1970-01-01','-Education-','','-Choose State-','-Choose City-','-Choose Village-','','','','57','2017-06-19 18:46:43'),(23,67,'kjsfv','da mn','f','others','','864','1970-01-01','-Education-','','-Choose State-','-Choose City-','-Choose Village-','','','','864','2017-06-19 18:47:07'),(24,67,'dc ','','f','others','','5','1970-01-01','-Education-','','-Choose State-','-Choose City-','-Choose Village-','','','','5','2017-06-19 18:47:30'),(25,71,'uv','u','f','others','','56165163','1970-01-01','-Education-','','-Choose State-','-Choose City-','-Choose Village-','','','','56165163','2017-06-19 18:50:10'),(26,71,'avd','','f','others','','66645','1970-01-01','-Education-','','-Choose State-','-Choose City-','-Choose Village-','','','','66645','2017-06-19 18:52:15'),(27,74,'sva','','f','others','','515','1970-01-01','-Education-','','-Choose State-','-Choose City-','-Choose Village-','','','','515','2017-06-19 18:53:06'),(28,76,'e','','f','others','54','4545','1970-01-01','-Education-','','-Choose State-','-Choose City-','-Choose Village-','','','','4545','2017-06-19 18:55:41'),(29,78,'g','g','f','married','jk','654645','1970-01-01','-Education-','','-Choose State-','-Choose City-','-Choose Village-','','','','654645','2017-06-20 06:05:24'),(30,78,'dccas','','f','others','','4452','1970-01-01','-Education-','','-Choose State-','-Choose City-','-Choose Village-','','','','4452','2017-06-20 06:07:02'),(32,80,'h','hjadvn cjvd','f','married','','651654156','1970-01-01','-Education-','','-Choose State-','-Choose City-','-Choose Village-','','','','651654156','2017-06-20 06:37:31'),(33,80,'f','f','f','others','','531','1970-01-01','-Education-','','-Choose State-','-Choose City-','-Choose Village-','','','','531','2017-06-20 06:47:32'),(34,80,'f','','f','others','','12','1970-01-01','-Education-','','-Choose State-','-Choose City-','-Choose Village-','','','','12','2017-06-20 06:49:44'),(35,80,'a','','f','others','','1','1970-01-01','-Education-','','-Choose State-','-Choose City-','-Choose Village-','','','','1','2017-06-20 06:51:36'),(36,84,'syl','Rajiv','f','married','XYZ','1234567890','1974-06-20','twelveth','room 001','hp','mandi','kamand','student','player','hey there','1234567890','2017-06-20 07:20:45'),(37,86,'aish','hbc','f','others','','12345','1970-01-01','-Education-','','-Choose State-','-Choose City-','-Choose Village-','','','','12345','2017-06-21 07:03:16'),(38,87,'kashish','','f','others','','1234567890123','1970-01-01','-Education-','','-Choose State-','-Choose City-','-Choose Village-','','','','1234567890123','2017-06-21 08:29:16'),(49,91,'rgr','wr','f','others','','1235','1970-01-01','-Education-','','-Choose State-','-Choose City-','-Choose Village-','','','','1235','2017-06-21 12:35:37'),(50,91,'syl','','f','others','','12365','1970-01-01','-Education-','','-Choose State-','-Choose City-','-Choose Village-','','','','12365','2017-06-21 12:37:16'),(114,91,'cs','','f','others','','54563','1970-01-01','-Education-','','-Choose State-','-Choose City-','-Choose Village-','','','','54563','2017-06-21 12:38:34'),(115,94,'1','1','f','others','','32','1970-01-01','-Education-','','-Choose State-','-Choose City-','-Choose Village-','','','','32','2017-06-21 12:43:12'),(116,95,'123468','','f','others','','845618965','1970-01-01','-Education-','','-Choose State-','-Choose City-','-Choose Village-','','','','845618965','2017-06-21 13:05:19'),(117,96,'789','','f','others','','7890','1970-01-01','-Education-','','-Choose State-','-Choose City-','-Choose Village-','','','','7890','2017-06-21 13:10:00'),(118,96,'sandhya menon','','f','others','','1234567788','1970-01-01','-Education-','','-Choose State-','-Choose City-','-Choose Village-','','','','1234567788','2017-06-21 13:11:51'),(119,98,'Sandhya Menon','R Menon','f','married','P R','9418215552','1975-06-21','tenth','c4','hp','mandi','kamand','tailoring','embroidery','','9418215552','2017-06-21 13:16:52'),(120,102,'jhjvfhlj','','f','others','','chkfvakv','1970-01-01','-Education-','','-Choose State-','-Choose City-','-Choose Village-','','','','chkfvakv','2017-07-12 12:09:01'),(121,108,'z','z','f','others','','z','1970-01-01','-Education-','','-Choose State-','-Choose City-','-Choose Village-','','','','z','2017-07-12 12:22:43'),(122,109,'Sylvia Mittal','Rajiv','f','others','blah blah','8950560519','1974-07-19','twelveth','room 001 B4','haryana','mandi','kamand','student','NA','I am a student.','8950560519','2017-07-19 09:13:26'),(123,114,'sylvia_23','Rajiv','f','unmarried','','780710584651','1974-09-01','twelveth','jlhbee','haryana','mandi','riyagadi','student','hdv','','780710584651','2017-09-01 08:34:05'),(124,130,'jds','hjbvsj','f','others','','sfvhshj','1970-01-01','--','','- -','- -','- -','','','','sfvhshj','2017-09-21 20:18:32'),(127,163,'deepa','ss','f','married','rajiv','86453186536','2017-11-08','post','kurukshetra','haryana','shimla','riyagadi','teacher','cooking, tailoring','','86453186536','2017-11-08 21:45:23');
/*!40000 ALTER TABLE `profiles` ENABLE KEYS */;
UNLOCK TABLES;

--
-- Table structure for table `users`
--

DROP TABLE IF EXISTS `users`;
/*!40101 SET @saved_cs_client     = @@character_set_client */;
/*!40101 SET character_set_client = utf8 */;
CREATE TABLE `users` (
  `UserId` int(10) unsigned NOT NULL AUTO_INCREMENT,
  `Username` varchar(50) NOT NULL,
  `Password` char(32) NOT NULL,
  `UPDATED_BY` varchar(50) NOT NULL,
  `UPDATED_ON` timestamp NOT NULL DEFAULT CURRENT_TIMESTAMP ON UPDATE CURRENT_TIMESTAMP,
  PRIMARY KEY (`UserId`),
  UNIQUE KEY `Username` (`Username`)
) ENGINE=InnoDB AUTO_INCREMENT=164 DEFAULT CHARSET=latin1;
/*!40101 SET character_set_client = @saved_cs_client */;

--
-- Dumping data for table `users`
--

LOCK TABLES `users` WRITE;
/*!40000 ALTER TABLE `users` DISABLE KEYS */;
INSERT INTO `users` VALUES (1,'abcd','abcd','abcd','2017-06-15 12:35:06'),(42,'Sylvia','d7f4a57e4625789a38c3c3dc44e8355b','Sylvia','2017-06-18 14:02:25'),(43,'sandhya','d7f4a57e4625789a38c3c3dc44e8355b','sandhya','2017-06-18 14:25:53'),(44,'vudvhka','d7f4a57e4625789a38c3c3dc44e8355b','vudvhka','2017-06-18 14:33:49'),(46,'kaksuiihs','d7f4a57e4625789a38c3c3dc44e8355b','kaksuiihs','2017-06-18 14:36:48'),(48,'a','d7f4a57e4625789a38c3c3dc44e8355b','a','2017-06-18 14:43:09'),(49,'x','d7f4a57e4625789a38c3c3dc44e8355b','x','2017-06-18 14:52:59'),(50,'kasjosn','d7f4a57e4625789a38c3c3dc44e8355b','kasjosn','2017-06-18 18:53:33'),(51,'sdv ljsbljsbvlj','d7f4a57e4625789a38c3c3dc44e8355b','sdv ljsbljsbvlj','2017-06-18 18:59:47'),(52,'ABhigyan','d7f4a57e4625789a38c3c3dc44e8355b','ABhigyan','2017-06-18 19:06:25'),(54,'bvfvbusygvu','d7f4a57e4625789a38c3c3dc44e8355b','bvfvbusygvu','2017-06-18 19:08:45'),(55,'ladjncsibiuvsb','d7f4a57e4625789a38c3c3dc44e8355b','ladjncsibiuvsb','2017-06-19 06:42:02'),(56,'SylviaM','d7f4a57e4625789a38c3c3dc44e8355b','SylviaM','2017-06-19 06:43:39'),(57,'sylv','d7f4a57e4625789a38c3c3dc44e8355b','sylv','2017-06-19 07:07:11'),(59,'b','d7f4a57e4625789a38c3c3dc44e8355b','b','2017-06-19 08:13:35'),(60,'c','d7f4a57e4625789a38c3c3dc44e8355b','c','2017-06-19 08:18:54'),(61,'kashish','d7f4a57e4625789a38c3c3dc44e8355b','kashish','2017-06-19 08:59:12'),(62,'k','d7f4a57e4625789a38c3c3dc44e8355b','k','2017-06-19 10:24:39'),(63,'d','8277e0910d750195b448797616e091ad','d','2017-06-19 11:30:40'),(64,'e','e1671797c52e15f763380b45e841ec32','e','2017-06-19 15:24:45'),(65,'f','8fa14cdd754f91cc6554c9e71929cce7','f','2017-06-19 15:26:59'),(66,'syls','414f3799c9f681a4bb5d7d3b57714faa','syls','2017-06-19 18:40:03'),(67,'sdjcn ','8ce4b16b22b58894aa86c421e8759df3','sdjcn ','2017-06-19 18:46:37'),(71,'jbjv  ','7b774effe4a349c6dd82ad4f4f21d34c','jbjv  ','2017-06-19 18:49:36'),(74,'l','2db95e8e1a9267b7a1188556b2013b33','l','2017-06-19 18:52:46'),(76,'vf','e1671797c52e15f763380b45e841ec32','vf','2017-06-19 18:55:26'),(78,'g','b2f5ff47436671b6e533d8dc3614845d','g','2017-06-20 06:04:57'),(80,'h','2510c39011c5be704182423e3a695e91','h','2017-06-20 06:37:07'),(84,'sylm','cd2268bb2a1100ad55fd65d50f2db9ae','sylm','2017-06-20 07:19:30'),(86,'aish','c32bcd02d43ddd15b9f035b4e22bcc59','aish','2017-06-21 07:02:53'),(87,'kash','8b3f692524a7eb4447c31e025db8cfa1','kash','2017-06-21 08:28:51'),(88,'123','202cb962ac59075b964b07152d234b70','123','2017-06-21 08:34:18'),(90,'','d41d8cd98f00b204e9800998ecf8427e','','2017-06-21 10:10:27'),(91,'sylvi','03c7c0ace395d80182db07ae2c30f034','sylvi','2017-06-21 12:35:15'),(94,'134','c4ca4238a0b923820dcc509a6f75849b','134','2017-06-21 12:42:48'),(95,'56','6c8349cc7260ae62e3b1396831a8398f','56','2017-06-21 13:05:02'),(96,'789','68053af2923e00204c3ca7c6a3150cf7','789','2017-06-21 13:09:42'),(98,'9418215552','78fd1f605b150bb65d514edfe1225c65','9418215552','2017-06-21 13:15:26'),(99,'xyza','0cc175b9c0f1b6a831c399e269772661','xyza','2017-07-11 12:54:00'),(100,'LD','2db95e8e1a9267b7a1188556b2013b33','LD','2017-07-11 13:11:02'),(102,'Love','b5c0b187fe309af0f4d35982fd961d7e','Love','2017-07-12 12:05:19'),(108,'xyzz','fbade9e36a3f36d3d676c1b808451dd7','xyzz','2017-07-12 12:22:19'),(109,'Sylvia_Mittal','37743f4a0c36e5778ccc18f8bd909ac9','Sylvia_Mittal','2017-07-19 09:11:18'),(111,'blah','0cc175b9c0f1b6a831c399e269772661','blah','2017-07-19 09:20:22'),(112,'1','c4ca4238a0b923820dcc509a6f75849b','1','2017-07-20 10:16:45'),(113,'san','9f5a44a734ac9e43b5968d0f3b71d69b','san','2017-08-03 06:24:53'),(114,'Sylvia_23','9a76cbdd630ddf3f568f2d7e100aef5a','Sylvia_23','2017-09-01 08:32:41'),(115,'Silly','6e59126599d56c64185acb1f12671959','Silly','2017-09-20 20:14:49'),(117,'1234','81dc9bdb52d04dc20036dbd8313ed055','1234','2017-09-21 18:35:35'),(120,'12','c4ca4238a0b923820dcc509a6f75849b','12','2017-09-21 19:56:48'),(124,'121','c4ca4238a0b923820dcc509a6f75849b','121','2017-09-21 19:57:30'),(125,'1212','c4ca4238a0b923820dcc509a6f75849b','1212','2017-09-21 20:08:31'),(127,'12112','c4ca4238a0b923820dcc509a6f75849b','12112','2017-09-21 20:09:31'),(130,'121121','c4ca4238a0b923820dcc509a6f75849b','121121','2017-09-21 20:10:27'),(131,'7807105329','682c55243957bcd2824921c3def11c11','7807105329','2017-10-04 17:07:58'),(140,'deepa','29987ce14a9c7b9137f616843eca049b','deepa','2017-11-08 21:14:18'),(142,'rajiv','9a9af43c15771eaf3b2db8bb28a2829d','rajiv','2017-11-08 21:22:53'),(149,'yy','2fb1c5cf58867b5bbc9a1b145a86f3a0','yy','2017-11-08 21:27:08'),(153,'gg','73c18c59a39b18382081ec00bb456d43','gg','2017-11-08 21:33:26'),(154,'kk','dc468c70fb574ebd07287b38d0d0676d','kk','2017-11-08 21:40:45'),(157,'ii','7e98b8a17c0aad30ba64d47b74e2a6c1','ii','2017-11-08 21:42:10'),(159,'ll','5b54c0a045f179bcbbbc9abcb8b5cd4c','ll','2017-11-08 21:42:55'),(161,'hh','5e36941b3d856737e81516acd45edc50','hh','2017-11-08 21:43:16'),(163,'aa','4124bc0a9335c27f086f24ba207a4912','aa','2017-11-08 21:43:58');
/*!40000 ALTER TABLE `users` ENABLE KEYS */;
UNLOCK TABLES;
/*!40103 SET TIME_ZONE=@OLD_TIME_ZONE */;

/*!40101 SET SQL_MODE=@OLD_SQL_MODE */;
/*!40014 SET FOREIGN_KEY_CHECKS=@OLD_FOREIGN_KEY_CHECKS */;
/*!40014 SET UNIQUE_CHECKS=@OLD_UNIQUE_CHECKS */;
/*!40101 SET CHARACTER_SET_CLIENT=@OLD_CHARACTER_SET_CLIENT */;
/*!40101 SET CHARACTER_SET_RESULTS=@OLD_CHARACTER_SET_RESULTS */;
/*!40101 SET COLLATION_CONNECTION=@OLD_COLLATION_CONNECTION */;
/*!40111 SET SQL_NOTES=@OLD_SQL_NOTES */;

-- Dump completed on 2017-11-09  3:28:49
